{
  "Andhra Pradesh": {
    "Visakhapatnam": {"lat": 17.6869, "lon": 83.2185},
    "Vijayawada": {"lat": 16.5062, "lon": 80.6480},
    "Guntur": {"lat": 16.3067, "lon": 80.4365},
    "Nellore": {"lat": 14.4426, "lon": 79.9865},
    "Kurnool": {"lat": 15.8281, "lon": 78.0373},
    "Kadapa": {"lat": 14.4674, "lon": 78.8241},
    "Tirupati": {"lat": 13.6288, "lon": 79.4192},
    "Anantapur": {"lat": 14.6819, "lon": 77.6006}
  },
  "Tamil Nadu": {
    "Chennai": {"lat": 13.0827, "lon": 80.2707},
    "Coimbatore": {"lat": 11.0168, "lon": 76.9558},
    "Madurai": {"lat": 9.9252, "lon": 78.1198},
    "Salem": {"lat": 11.6643, "lon": 78.1460},
    "Tiruchirappalli": {"lat": 10.7905, "lon": 78.7047},
    "Tirunelveli": {"lat": 8.7139, "lon": 77.7567},
    "Erode": {"lat": 11.3410, "lon": 77.7172},
    "Vellore": {"lat": 12.9165, "lon": 79.1325}
  },
  "Karnataka": {
    "Bengaluru": {"lat": 12.9716, "lon": 77.5946},
    "Mysuru": {"lat": 12.2958, "lon": 76.6394},
    "Mangaluru": {"lat": 12.9141, "lon": 74.8560},
    "Hubballi": {"lat": 15.3647, "lon": 75.1240},
    "Belagavi": {"lat": 15.8497, "lon": 74.4977},
    "Kalaburagi": {"lat": 17.3297, "lon": 76.8343},
    "Davangere": {"lat": 14.4644, "lon": 75.9218}
  },
  "Kerala": {
    "Thiruvananthapuram": {"lat": 8.5241, "lon": 76.9366},
    "Kochi": {"lat": 9.9312, "lon": 76.2673},
    "Kozhikode": {"lat": 11.2588, "lon": 75.7804},
    "Thrissur": {"lat": 10.5276, "lon": 76.2144},
    "Kollam": {"lat": 8.8811, "lon": 76.5840},
    "Palakkad": {"lat": 10.7867, "lon": 76.6548},
    "Alappuzha": {"lat": 9.4981, "lon": 76.3388}
  },
  "Maharashtra": {
    "Mumbai": {"lat": 19.0760, "lon": 72.8777},
    "Pune": {"lat": 18.5204, "lon": 73.8567},
    "Nagpur": {"lat": 21.1458, "lon": 79.0882},
    "Nashik": {"lat": 19.9975, "lon": 73.7898},
    "Aurangabad": {"lat": 19.8762, "lon": 75.3433},
    "Solapur": {"lat": 17.6599, "lon": 75.9064},
    "Kolhapur": {"lat": 16.7050, "lon": 74.2433}
  },
  "Gujarat": {
    "Ahmedabad": {"lat": 23.0225, "lon": 72.5714},
    "Surat": {"lat": 21.1702, "lon": 72.8311},
    "Vadodara": {"lat": 22.3072, "lon": 73.1812},
    "Rajkot": {"lat": 22.3039, "lon": 70.8022},
    "Bhavnagar": {"lat": 21.7645, "lon": 72.1519},
    "Jamnagar": {"lat": 22.4707, "lon": 70.0577}
  },
  "Rajasthan": {
    "Jaipur": {"lat": 26.9124, "lon": 75.7873},
    "Jodhpur": {"lat": 26.2389, "lon": 73.0243},
    "Udaipur": {"lat": 24.5854, "lon": 73.7125},
    "Kota": {"lat": 25.2138, "lon": 75.8648},
    "Bikaner": {"lat": 28.0229, "lon": 73.3119},
    "Ajmer": {"lat": 26.4499, "lon": 74.6399}
  },
  "Madhya Pradesh": {
    "Bhopal": {"lat": 23.2599, "lon": 77.4126},
    "Indore": {"lat": 22.7196, "lon": 75.8577},
    "Gwalior": {"lat": 26.2183, "lon": 78.1828},
    "Jabalpur": {"lat": 23.1815, "lon": 79.9864},
    "Ujjain": {"lat": 23.1765, "lon": 75.7885}
  },
  "Uttar Pradesh": {
    "Lucknow": {"lat": 26.8467, "lon": 80.9462},
    "Kanpur": {"lat": 26.4499, "lon": 80.3319},
    "Ghaziabad": {"lat": 28.6692, "lon": 77.4538},
    "Agra": {"lat": 27.1767, "lon": 78.0081},
    "Varanasi": {"lat": 25.3176, "lon": 82.9739},
    "Meerut": {"lat": 28.9845, "lon": 77.7064},
    "Allahabad": {"lat": 25.4358, "lon": 81.8463}
  },
  "West Bengal": {
    "Kolkata": {"lat": 22.5726, "lon": 88.3639},
    "Asansol": {"lat": 23.6739, "lon": 86.9524},
    "Siliguri": {"lat": 26.7271, "lon": 88.3953},
    "Durgapur": {"lat": 23.5204, "lon": 87.3119},
    "Howrah": {"lat": 22.5958, "lon": 88.2636}
  },
  "Bihar": {
    "Patna": {"lat": 25.5941, "lon": 85.1376},
    "Gaya": {"lat": 24.7955, "lon": 84.9994},
    "Bhagalpur": {"lat": 25.2425, "lon": 86.9842},
    "Muzaffarpur": {"lat": 26.1225, "lon": 85.3906}
  },
  "Telangana": {
    "Hyderabad": {"lat": 17.3850, "lon": 78.4867},
    "Warangal": {"lat": 17.9689, "lon": 79.5941},
    "Nizamabad": {"lat": 18.6725, "lon": 78.0941},
    "Karimnagar": {"lat": 18.4386, "lon": 79.1288}
  },
  "Punjab": {
    "Ludhiana": {"lat": 30.9010, "lon": 75.8573},
    "Amritsar": {"lat": 31.6340, "lon": 74.8723},
    "Jalandhar": {"lat": 31.3260, "lon": 75.5762},
    "Patiala": {"lat": 30.3398, "lon": 76.3869}
  },
  "Haryana": {
    "Faridabad": {"lat": 28.4089, "lon": 77.3178},
    "Gurgaon": {"lat": 28.4595, "lon": 77.0266},
    "Panipat": {"lat": 29.3909, "lon": 76.9635},
    "Ambala": {"lat": 30.3752, "lon": 76.7821}
  },
  "Odisha": {
    "Bhubaneswar": {"lat": 20.2961, "lon": 85.8245},
    "Cuttack": {"lat": 20.4625, "lon": 85.8828},
    "Rourkela": {"lat": 22.2604, "lon": 84.8536},
    "Puri": {"lat": 19.8135, "lon": 85.8312}
  },
  "Jharkhand": {
    "Ranchi": {"lat": 23.3441, "lon": 85.3096},
    "Jamshedpur": {"lat": 22.8046, "lon": 86.2029},
    "Dhanbad": {"lat": 23.7957, "lon": 86.4304},
    "Bokaro": {"lat": 23.6693, "lon": 86.1511}
  },
  "Chhattisgarh": {
    "Raipur": {"lat": 21.2514, "lon": 81.6296},
    "Bhilai": {"lat": 21.2095, "lon": 81.3790},
    "Bilaspur": {"lat": 22.0797, "lon": 82.1409}
  },
  "Uttarakhand": {
    "Dehradun": {"lat": 30.3165, "lon": 78.0322},
    "Haridwar": {"lat": 29.9457, "lon": 78.1642},
    "Roorkee": {"lat": 29.8543, "lon": 77.8880}
  },
  "Himachal Pradesh": {
    "Shimla": {"lat": 31.1048, "lon": 77.1734},
    "Manali": {"lat": 32.2396, "lon": 77.1887},
    "Dharamshala": {"lat": 32.2190, "lon": 76.3234}
  }
}
